{"cameraMode":{"drawMode":0,"name":"Shaded","section":"Shading Mode"},"sceneLighting":true,"audioPlay":false,"sceneViewState":{"m_AlwaysRefresh":false,"showFog":true,"showSkybox":true,"showFlares":true,"showImageEffects":true,"showParticleSystems":true,"showVisualEffectGraphs":true,"m_FxEnabled":true},"in2DMode":false,"pivot":{"x":-0.018457069993019105,"y":0.29300880432128909,"z":0.9393100738525391},"rotation":{"x":0.07279973477125168,"y":0.7705830335617065,"z":-0.08972110599279404,"w":0.6267930269241333},"size":0.44614842534065249,"orthographic":false}