{"cameraMode":{"drawMode":0,"name":"Shaded","section":"Shading Mode"},"sceneLighting":false,"audioPlay":false,"sceneViewState":{"m_AlwaysRefresh":false,"showFog":true,"showSkybox":false,"showFlares":true,"showImageEffects":true,"showParticleSystems":true,"showVisualEffectGraphs":true,"m_FxEnabled":true},"in2DMode":false,"pivot":{"x":-0.09810686111450196,"y":0.27152013778686526,"z":0.2354288101196289},"rotation":{"x":-0.1518709510564804,"y":0.6361042261123657,"z":-0.12961143255233766,"w":-0.7453261613845825},"size":0.9848860502243042,"orthographic":false}